FileName,CreateDate,FileSize
2022 06 09 14 58 49.jpg,2022 06 09 14 58 49,5829854
2022 06 09 15 58 48.jpg,2022 06 09 15 58 48,5815695
2022 06 09 16 58 49.jpg,2022 06 09 16 58 49,5664911
2022 06 09 17 58 48.jpg,2022 06 09 17 58 48,5715593
2022 06 09 18 58 48.jpg,2022 06 09 18 58 48,5732386
2022 06 10 05 00 00.jpg,2022 06 10 05 00 00,5854893
2022 06 10 06 00 01.jpg,2022 06 10 06 00 01,5891644
2022 06 10 07 00 00.jpg,2022 06 10 07 00 00,5822302
2022 06 10 08 00 00.jpg,2022 06 10 08 00 00,5943465
2022 06 10 09 00 01.jpg,2022 06 10 09 00 01,5600886
2022 06 10 10 00 00.jpg,2022 06 10 10 00 00,5619370
2022 06 10 11 00 00.jpg,2022 06 10 11 00 00,5611927
2022 06 10 12 00 00.jpg,2022 06 10 12 00 00,5603535
2022 06 10 13 00 00.jpg,2022 06 10 13 00 00,5615301
2022 06 10 14 00 01.jpg,2022 06 10 14 00 01,5597259
2022 06 10 15 00 00.jpg,2022 06 10 15 00 00,5909547
2022 06 10 16 00 00.jpg,2022 06 10 16 00 00,5950490
2022 06 10 17 00 00.jpg,2022 06 10 17 00 00,5595803
2022 06 10 18 00 00.jpg,2022 06 10 18 00 00,5537624
2022 06 11 05 00 01.jpg,2022 06 11 05 00 01,5877403
2022 06 11 06 00 00.jpg,2022 06 11 06 00 00,5847557
2022 06 11 07 00 00.jpg,2022 06 11 07 00 00,5910319
2022 06 11 08 00 01.jpg,2022 06 11 08 00 01,5952006
2022 06 11 09 00 00.jpg,2022 06 11 09 00 00,5613612
2022 06 11 10 00 00.jpg,2022 06 11 10 00 00,5880749
2022 06 11 11 00 00.jpg,2022 06 11 11 00 00,5959523
2022 06 11 12 00 00.jpg,2022 06 11 12 00 00,5614772
2022 06 11 13 00 01.jpg,2022 06 11 13 00 01,5607151
2022 06 11 14 00 00.jpg,2022 06 11 14 00 00,5772909
2022 06 11 15 00 00.jpg,2022 06 11 15 00 00,5828099
2022 06 11 16 00 01.jpg,2022 06 11 16 00 01,5821912
2022 06 11 17 00 00.jpg,2022 06 11 17 00 00,5825514
2022 06 11 18 00 01.jpg,2022 06 11 18 00 01,5785988
2022 06 12 05 00 00.jpg,2022 06 12 05 00 00,5946372
2022 06 12 06 00 00.jpg,2022 06 12 06 00 00,5934608
2022 06 12 07 00 01.jpg,2022 06 12 07 00 01,5908795
2022 06 12 08 00 00.jpg,2022 06 12 08 00 00,5809985
2022 06 12 09 00 00.jpg,2022 06 12 09 00 00,5891420
2022 06 12 10 00 01.jpg,2022 06 12 10 00 01,5874130
2022 06 12 11 00 00.jpg,2022 06 12 11 00 00,5870109
2022 06 12 12 00 00.jpg,2022 06 12 12 00 00,5860680
2022 06 12 13 00 00.jpg,2022 06 12 13 00 00,5875122
2022 06 12 14 00 00.jpg,2022 06 12 14 00 00,5862903
2022 06 12 15 00 01.jpg,2022 06 12 15 00 01,5887664
2022 06 12 16 00 00.jpg,2022 06 12 16 00 00,5702855
2022 06 12 17 00 00.jpg,2022 06 12 17 00 00,5853861
2022 06 12 18 00 01.jpg,2022 06 12 18 00 01,5903017
2022 06 13 05 00 00.jpg,2022 06 13 05 00 00,5844617
2022 06 13 06 00 00.jpg,2022 06 13 06 00 00,5851150
2022 06 13 07 00 00.jpg,2022 06 13 07 00 00,5845929
2022 06 13 08 00 00.jpg,2022 06 13 08 00 00,5856773
2022 06 13 09 00 01.jpg,2022 06 13 09 00 01,5858357
2022 06 13 10 00 00.jpg,2022 06 13 10 00 00,5825654
2022 06 13 11 00 00.jpg,2022 06 13 11 00 00,5798127
2022 06 13 12 00 01.jpg,2022 06 13 12 00 01,5827762
2022 06 13 13 00 00.jpg,2022 06 13 13 00 00,5788234
2022 06 13 14 00 00.jpg,2022 06 13 14 00 00,5735212
2022 06 13 15 00 00.jpg,2022 06 13 15 00 00,5722475
2022 06 13 16 00 00.jpg,2022 06 13 16 00 00,5745886
2022 06 13 17 00 01.jpg,2022 06 13 17 00 01,5815622
2022 06 13 18 00 00.jpg,2022 06 13 18 00 00,5746387
2022 06 14 05 00 00.jpg,2022 06 14 05 00 00,5854986
2022 06 14 06 00 01.jpg,2022 06 14 06 00 01,5845130
2022 06 14 07 00 00.jpg,2022 06 14 07 00 00,5839696
2022 06 14 08 00 00.jpg,2022 06 14 08 00 00,5796819
2022 06 14 09 00 01.jpg,2022 06 14 09 00 01,5772586
2022 06 14 10 00 00.jpg,2022 06 14 10 00 00,5774595
2022 06 14 11 00 01.jpg,2022 06 14 11 00 01,5770534
2022 06 14 12 00 00.jpg,2022 06 14 12 00 00,5755720
2022 06 14 13 00 00.jpg,2022 06 14 13 00 00,5685983
2022 06 14 14 00 01.jpg,2022 06 14 14 00 01,5689266
2022 06 14 15 00 00.jpg,2022 06 14 15 00 00,5683132
2022 06 14 16 00 00.jpg,2022 06 14 16 00 00,5681549
2022 06 14 17 00 00.jpg,2022 06 14 17 00 00,5699938
2022 06 14 18 00 00.jpg,2022 06 14 18 00 00,5701193
2022 06 15 05 00 00.jpg,2022 06 15 05 00 00,5852797
2022 06 15 06 00 07.jpg,2022 06 15 06 00 07,5862865
2022 06 15 07 00 07.jpg,2022 06 15 07 00 07,5868783
2022 06 15 08 00 08.jpg,2022 06 15 08 00 08,5819303
2022 06 15 09 00 07.jpg,2022 06 15 09 00 07,5864784
2022 06 15 10 00 07.jpg,2022 06 15 10 00 07,5890150
2022 06 15 10 19 15.jpg,2022 06 15 10 19 15,5779453
2022 06 15 11 19 15.jpg,2022 06 15 11 19 15,5846152
2022 06 15 12 19 14.jpg,2022 06 15 12 19 14,5924748
2022 06 15 13 19 14.jpg,2022 06 15 13 19 14,5758739
2022 06 15 14 19 15.jpg,2022 06 15 14 19 15,5872399
2022 06 15 15 19 14.jpg,2022 06 15 15 19 14,5895166
2022 06 15 16 19 14.jpg,2022 06 15 16 19 14,5820650
2022 06 15 17 19 14.jpg,2022 06 15 17 19 14,5810431
2022 06 15 18 19 14.jpg,2022 06 15 18 19 14,5845427
2022 06 16 05 00 01.jpg,2022 06 16 05 00 01,5874289
2022 06 16 06 00 00.jpg,2022 06 16 06 00 00,5880119
2022 06 16 07 00 00.jpg,2022 06 16 07 00 00,5877265
2022 06 16 08 00 01.jpg,2022 06 16 08 00 01,5829252
2022 06 16 09 00 00.jpg,2022 06 16 09 00 00,5878515
2022 06 16 10 00 01.jpg,2022 06 16 10 00 01,5844092
2022 06 16 11 00 00.jpg,2022 06 16 11 00 00,5857917
2022 06 16 12 00 00.jpg,2022 06 16 12 00 00,5847778
2022 06 16 13 00 01.jpg,2022 06 16 13 00 01,5770705
2022 06 16 14 00 00.jpg,2022 06 16 14 00 00,5691480
2022 06 16 15 00 00.jpg,2022 06 16 15 00 00,5973223
2022 06 16 16 00 00.jpg,2022 06 16 16 00 00,5720894
2022 06 16 17 00 00.jpg,2022 06 16 17 00 00,5738631
2022 06 16 18 00 01.jpg,2022 06 16 18 00 01,5775344
2022 06 17 05 00 00.jpg,2022 06 17 05 00 00,5890178
2022 06 17 06 00 00.jpg,2022 06 17 06 00 00,5893085
2022 06 17 07 00 01.jpg,2022 06 17 07 00 01,5845558
2022 06 17 08 00 00.jpg,2022 06 17 08 00 00,5834652
2022 06 17 09 00 00.jpg,2022 06 17 09 00 00,5888296
2022 06 17 10 00 01.jpg,2022 06 17 10 00 01,5869043
2022 06 17 11 00 00.jpg,2022 06 17 11 00 00,5944351
2022 06 17 12 00 01.jpg,2022 06 17 12 00 01,5613568
2022 06 17 13 00 00.jpg,2022 06 17 13 00 00,5926621
2022 06 17 14 00 00.jpg,2022 06 17 14 00 00,5817081
2022 06 17 15 00 01.jpg,2022 06 17 15 00 01,5788059
2022 06 17 16 00 00.jpg,2022 06 17 16 00 00,5734875
2022 06 17 17 00 01.jpg,2022 06 17 17 00 01,5826357
2022 06 17 18 00 00.jpg,2022 06 17 18 00 00,5965669
2022 06 18 05 00 00.jpg,2022 06 18 05 00 00,5890240
2022 06 18 06 00 00.jpg,2022 06 18 06 00 00,5861260
2022 06 18 07 00 00.jpg,2022 06 18 07 00 00,5887377
2022 06 18 08 00 00.jpg,2022 06 18 08 00 00,5923869
2022 06 18 09 00 01.jpg,2022 06 18 09 00 01,5898321
2022 06 18 10 00 00.jpg,2022 06 18 10 00 00,5886111
2022 06 18 11 00 00.jpg,2022 06 18 11 00 00,5897194
2022 06 18 12 00 01.jpg,2022 06 18 12 00 01,5701876
2022 06 18 13 00 00.jpg,2022 06 18 13 00 00,5692568
2022 06 18 14 00 01.jpg,2022 06 18 14 00 01,5839508
2022 06 18 15 00 00.jpg,2022 06 18 15 00 00,5775094
2022 06 18 16 00 00.jpg,2022 06 18 16 00 00,5896396
2022 06 18 17 00 01.jpg,2022 06 18 17 00 01,5823276
2022 06 18 18 00 00.jpg,2022 06 18 18 00 00,5793215
2022 06 19 05 00 00.jpg,2022 06 19 05 00 00,5884787
2022 06 19 06 00 01.jpg,2022 06 19 06 00 01,5885537
2022 06 19 07 00 00.jpg,2022 06 19 07 00 00,5871607
2022 06 19 08 00 00.jpg,2022 06 19 08 00 00,5833772
2022 06 19 09 00 01.jpg,2022 06 19 09 00 01,5898624
2022 06 19 10 00 00.jpg,2022 06 19 10 00 00,5964258
2022 06 19 11 00 00.jpg,2022 06 19 11 00 00,5639228
2022 06 19 12 00 00.jpg,2022 06 19 12 00 00,5684684
2022 06 19 13 00 00.jpg,2022 06 19 13 00 00,5607603
2022 06 19 14 00 01.jpg,2022 06 19 14 00 01,5608746
2022 06 19 15 00 00.jpg,2022 06 19 15 00 00,5600353
2022 06 19 16 00 00.jpg,2022 06 19 16 00 00,5606606
2022 06 19 17 00 01.jpg,2022 06 19 17 00 01,5912135
2022 06 19 18 00 00.jpg,2022 06 19 18 00 00,5692219
2022 06 20 05 00 00.jpg,2022 06 20 05 00 00,5872808
2022 06 20 06 00 01.jpg,2022 06 20 06 00 01,5879541
2022 06 20 07 00 00.jpg,2022 06 20 07 00 00,5838254
2022 06 20 08 00 01.jpg,2022 06 20 08 00 01,5787001
2022 06 20 09 00 00.jpg,2022 06 20 09 00 00,5811956
2022 06 20 10 00 00.jpg,2022 06 20 10 00 00,5970808
2022 06 20 11 00 01.jpg,2022 06 20 11 00 01,5634732
2022 06 20 12 00 00.jpg,2022 06 20 12 00 00,5661171
2022 06 20 13 00 00.jpg,2022 06 20 13 00 00,5960487
2022 06 20 14 00 00.jpg,2022 06 20 14 00 00,5883309
2022 06 20 15 00 00.jpg,2022 06 20 15 00 00,5620701
2022 06 20 16 00 01.jpg,2022 06 20 16 00 01,5369590
2022 06 20 17 00 00.jpg,2022 06 20 17 00 00,5935047
2022 06 20 18 00 00.jpg,2022 06 20 18 00 00,5926952
2022 06 21 05 00 01.jpg,2022 06 21 05 00 01,5864470
2022 06 21 06 00 00.jpg,2022 06 21 06 00 00,5848487
2022 06 21 07 00 00.jpg,2022 06 21 07 00 00,5858744
2022 06 21 08 00 01.jpg,2022 06 21 08 00 01,5860704
2022 06 21 09 00 00.jpg,2022 06 21 09 00 00,5890960
2022 06 21 10 00 00.jpg,2022 06 21 10 00 00,5926684
2022 06 21 11 00 00.jpg,2022 06 21 11 00 00,5861354
2022 06 21 12 00 00.jpg,2022 06 21 12 00 00,5698734
2022 06 21 13 00 01.jpg,2022 06 21 13 00 01,5963192
2022 06 21 14 00 00.jpg,2022 06 21 14 00 00,5979627
2022 06 21 15 00 00.jpg,2022 06 21 15 00 00,5640227
2022 06 21 16 00 01.jpg,2022 06 21 16 00 01,5790478
2022 06 21 17 00 00.jpg,2022 06 21 17 00 00,5812541
2022 06 21 18 00 01.jpg,2022 06 21 18 00 01,5968390
2022 06 22 05 00 01.jpg,2022 06 22 05 00 01,5923441
2022 06 22 06 00 00.jpg,2022 06 22 06 00 00,5906716
2022 06 22 07 00 00.jpg,2022 06 22 07 00 00,5921686
2022 06 22 08 00 01.jpg,2022 06 22 08 00 01,5890899
2022 06 22 09 00 00.jpg,2022 06 22 09 00 00,5860256
2022 06 22 10 00 01.jpg,2022 06 22 10 00 01,5899163
2022 06 22 11 00 00.jpg,2022 06 22 11 00 00,5775439
2022 06 22 11 18 44.jpg,2022 06 22 11 18 44,5745533
2022 06 22 11 27 57.jpg,2022 06 22 11 27 57,5874965
2022 06 22 12 27 57.jpg,2022 06 22 12 27 57,5855186
2022 06 22 13 27 57.jpg,2022 06 22 13 27 57,5787980
2022 06 22 14 27 58.jpg,2022 06 22 14 27 58,5852346
2022 06 22 15 27 57.jpg,2022 06 22 15 27 57,5856114
2022 06 22 16 27 58.jpg,2022 06 22 16 27 58,5634223
2022 06 22 17 27 57.jpg,2022 06 22 17 27 57,5885882
2022 06 22 18 27 57.jpg,2022 06 22 18 27 57,5750424
2022 06 23 05 00 00.jpg,2022 06 23 05 00 00,5664553
2022 06 23 06 00 00.jpg,2022 06 23 06 00 00,5662375
2022 06 23 07 00 01.jpg,2022 06 23 07 00 01,5625796
2022 06 23 08 00 00.jpg,2022 06 23 08 00 00,5618059
2022 06 23 09 00 00.jpg,2022 06 23 09 00 00,5970798
2022 06 23 10 00 01.jpg,2022 06 23 10 00 01,5929816
2022 06 23 11 00 00.jpg,2022 06 23 11 00 00,5958057
2022 06 23 12 00 00.jpg,2022 06 23 12 00 00,5818912
2022 06 23 13 00 01.jpg,2022 06 23 13 00 01,5764261
2022 06 23 14 00 00.jpg,2022 06 23 14 00 00,5957501
2022 06 23 15 00 01.jpg,2022 06 23 15 00 01,5825835
2022 06 23 16 00 00.jpg,2022 06 23 16 00 00,5950460
2022 06 23 17 00 00.jpg,2022 06 23 17 00 00,5754355
2022 06 23 18 00 01.jpg,2022 06 23 18 00 01,5775611
2022 06 24 05 00 00.jpg,2022 06 24 05 00 00,5600300
2022 06 24 06 00 00.jpg,2022 06 24 06 00 00,5976353
2022 06 24 07 00 01.jpg,2022 06 24 07 00 01,5973032
2022 06 24 08 00 00.jpg,2022 06 24 08 00 00,5949361
2022 06 24 09 00 00.jpg,2022 06 24 09 00 00,5946294
2022 06 24 10 00 01.jpg,2022 06 24 10 00 01,5646589
2022 06 24 11 00 00.jpg,2022 06 24 11 00 00,5936190
2022 06 24 12 00 00.jpg,2022 06 24 12 00 00,5880224
2022 06 24 13 00 00.jpg,2022 06 24 13 00 00,5617834
2022 06 24 14 00 00.jpg,2022 06 24 14 00 00,5871716
2022 06 24 15 00 01.jpg,2022 06 24 15 00 01,5890307
2022 06 24 16 00 00.jpg,2022 06 24 16 00 00,5868483
2022 06 24 17 00 00.jpg,2022 06 24 17 00 00,5849348
2022 06 24 18 00 01.jpg,2022 06 24 18 00 01,5954948
2022 06 25 05 00 00.jpg,2022 06 25 05 00 00,5597678
2022 06 25 06 00 00.jpg,2022 06 25 06 00 00,5967380
2022 06 25 07 00 01.jpg,2022 06 25 07 00 01,5903897
2022 06 25 08 00 00.jpg,2022 06 25 08 00 00,5877353
2022 06 25 09 00 00.jpg,2022 06 25 09 00 00,5914886
2022 06 25 10 00 00.jpg,2022 06 25 10 00 00,5645170
2022 06 25 11 00 00.jpg,2022 06 25 11 00 00,5704339
2022 06 25 12 00 01.jpg,2022 06 25 12 00 01,5677710
2022 06 25 13 00 00.jpg,2022 06 25 13 00 00,5795948
2022 06 25 14 00 00.jpg,2022 06 25 14 00 00,5796896
2022 06 25 15 00 01.jpg,2022 06 25 15 00 01,5884026
2022 06 25 16 00 00.jpg,2022 06 25 16 00 00,5740580
2022 06 25 17 00 01.jpg,2022 06 25 17 00 01,5762586
2022 06 25 18 00 00.jpg,2022 06 25 18 00 00,5776558
2022 06 26 05 00 00.jpg,2022 06 26 05 00 00,5939549
2022 06 26 06 00 00.jpg,2022 06 26 06 00 00,5926839
2022 06 26 07 00 00.jpg,2022 06 26 07 00 00,5889783
2022 06 26 08 00 00.jpg,2022 06 26 08 00 00,5817505
2022 06 26 09 00 01.jpg,2022 06 26 09 00 01,5861769
2022 06 26 10 00 00.jpg,2022 06 26 10 00 00,5802807
2022 06 26 11 00 00.jpg,2022 06 26 11 00 00,5782999
2022 06 26 12 00 01.jpg,2022 06 26 12 00 01,5826769
2022 06 26 13 00 00.jpg,2022 06 26 13 00 00,5769005
2022 06 26 14 00 01.jpg,2022 06 26 14 00 01,5822724
2022 06 26 15 00 00.jpg,2022 06 26 15 00 00,5861936
2022 06 26 16 00 00.jpg,2022 06 26 16 00 00,5829039
2022 06 26 17 00 01.jpg,2022 06 26 17 00 01,5604454
2022 06 26 18 00 00.jpg,2022 06 26 18 00 00,5669014
2022 06 27 05 00 00.jpg,2022 06 27 05 00 00,5946215
2022 06 27 06 00 01.jpg,2022 06 27 06 00 01,5984880
2022 06 27 07 00 00.jpg,2022 06 27 07 00 00,5913384
2022 06 27 08 00 00.jpg,2022 06 27 08 00 00,5839289
2022 06 27 09 00 01.jpg,2022 06 27 09 00 01,5798452
2022 06 27 10 00 00.jpg,2022 06 27 10 00 00,5916380
2022 06 27 11 00 01.jpg,2022 06 27 11 00 01,5934260
2022 06 27 12 00 00.jpg,2022 06 27 12 00 00,5939311
2022 06 27 13 00 00.jpg,2022 06 27 13 00 00,5958836
2022 06 27 14 00 01.jpg,2022 06 27 14 00 01,5733071
2022 06 27 15 00 00.jpg,2022 06 27 15 00 00,5907735
2022 06 27 16 00 01.jpg,2022 06 27 16 00 01,5809461
2022 06 27 17 00 00.jpg,2022 06 27 17 00 00,5802129
2022 06 27 18 00 00.jpg,2022 06 27 18 00 00,5953922
2022 06 28 05 00 00.jpg,2022 06 28 05 00 00,5590919
2022 06 28 06 00 01.jpg,2022 06 28 06 00 01,5932513
2022 06 28 07 00 00.jpg,2022 06 28 07 00 00,5915040
2022 06 28 08 00 01.jpg,2022 06 28 08 00 01,5904640
2022 06 28 09 00 00.jpg,2022 06 28 09 00 00,5887367
2022 06 28 10 00 00.jpg,2022 06 28 10 00 00,5951685
2022 06 28 11 00 01.jpg,2022 06 28 11 00 01,5927042
2022 06 28 12 00 00.jpg,2022 06 28 12 00 00,5949354
2022 06 28 13 00 00.jpg,2022 06 28 13 00 00,5843384
2022 06 28 14 00 00.jpg,2022 06 28 14 00 00,5645958
2022 06 28 15 00 00.jpg,2022 06 28 15 00 00,5924665
2022 06 28 16 00 01.jpg,2022 06 28 16 00 01,5809682
2022 06 28 17 00 00.jpg,2022 06 28 17 00 00,5879356
2022 06 28 18 00 00.jpg,2022 06 28 18 00 00,5804187
2022 06 29 05 00 01.jpg,2022 06 29 05 00 01,5603406
2022 06 29 06 00 00.jpg,2022 06 29 06 00 00,5924804
2022 06 29 07 00 00.jpg,2022 06 29 07 00 00,5903074
2022 06 29 08 00 01.jpg,2022 06 29 08 00 01,5922867
2022 06 29 09 00 00.jpg,2022 06 29 09 00 00,5593975
2022 06 29 10 00 00.jpg,2022 06 29 10 00 00,5702391
2022 06 29 11 00 00.jpg,2022 06 29 11 00 00,4481643
2022 06 29 11 05 12.jpg,2022 06 29 11 05 12,5735337
2022 06 29 12 05 12.jpg,2022 06 29 12 05 12,5842933
2022 06 29 13 05 13.jpg,2022 06 29 13 05 13,5762048
2022 06 29 14 05 12.jpg,2022 06 29 14 05 12,5720447
2022 06 29 15 05 12.jpg,2022 06 29 15 05 12,5782631
2022 06 29 16 05 13.jpg,2022 06 29 16 05 13,5896639
2022 06 29 17 05 12.jpg,2022 06 29 17 05 12,5687614
2022 06 29 18 05 12.jpg,2022 06 29 18 05 12,5689961
2022 06 30 05 00 01.jpg,2022 06 30 05 00 01,5950006
2022 06 30 06 00 00.jpg,2022 06 30 06 00 00,5953821
2022 06 30 07 00 00.jpg,2022 06 30 07 00 00,5883425
2022 06 30 08 00 00.jpg,2022 06 30 08 00 00,5893141
2022 06 30 09 00 00.jpg,2022 06 30 09 00 00,5946353
2022 06 30 10 00 01.jpg,2022 06 30 10 00 01,5667631
2022 06 30 11 00 00.jpg,2022 06 30 11 00 00,5710843
2022 06 30 12 00 00.jpg,2022 06 30 12 00 00,5764960
2022 06 30 13 00 01.jpg,2022 06 30 13 00 01,5678605
2022 06 30 14 00 00.jpg,2022 06 30 14 00 00,5959934
2022 06 30 15 00 01.jpg,2022 06 30 15 00 01,5918797
2022 06 30 16 00 00.jpg,2022 06 30 16 00 00,5715509
2022 06 30 17 00 00.jpg,2022 06 30 17 00 00,5744131
2022 06 30 18 00 01.jpg,2022 06 30 18 00 01,5776122
2022 07 01 05 00 00.jpg,2022 07 01 05 00 00,5972566
2022 07 01 06 00 00.jpg,2022 07 01 06 00 00,5973677
2022 07 01 07 00 01.jpg,2022 07 01 07 00 01,5593432
2022 07 01 08 00 00.jpg,2022 07 01 08 00 00,5900163
2022 07 01 09 00 00.jpg,2022 07 01 09 00 00,5889335
2022 07 01 10 00 01.jpg,2022 07 01 10 00 01,5838232
2022 07 01 11 00 00.jpg,2022 07 01 11 00 00,5783374
2022 07 01 12 00 01.jpg,2022 07 01 12 00 01,5715865
2022 07 01 13 00 00.jpg,2022 07 01 13 00 00,5673454
2022 07 01 14 00 00.jpg,2022 07 01 14 00 00,5648272
2022 07 01 15 00 01.jpg,2022 07 01 15 00 01,5660431
2022 07 01 16 00 00.jpg,2022 07 01 16 00 00,5654215
2022 07 01 17 00 01.jpg,2022 07 01 17 00 01,5690553
2022 07 01 18 00 00.jpg,2022 07 01 18 00 00,5725008
2022 07 02 05 00 00.jpg,2022 07 02 05 00 00,5975126
2022 07 02 06 00 00.jpg,2022 07 02 06 00 00,5921235
2022 07 02 07 00 00.jpg,2022 07 02 07 00 00,5638040
2022 07 02 08 00 00.jpg,2022 07 02 08 00 00,5649616
2022 07 02 09 00 01.jpg,2022 07 02 09 00 01,5973980
2022 07 02 10 00 00.jpg,2022 07 02 10 00 00,5886220
2022 07 02 11 00 00.jpg,2022 07 02 11 00 00,5814867
2022 07 02 12 00 01.jpg,2022 07 02 12 00 01,5845221
2022 07 02 13 00 00.jpg,2022 07 02 13 00 00,5744453
2022 07 02 14 00 00.jpg,2022 07 02 14 00 00,5701013
2022 07 02 15 00 00.jpg,2022 07 02 15 00 00,5646591
2022 07 02 16 00 00.jpg,2022 07 02 16 00 00,5691028
2022 07 02 17 00 01.jpg,2022 07 02 17 00 01,5778658
2022 07 02 18 00 00.jpg,2022 07 02 18 00 00,5795025
2022 07 03 05 00 00.jpg,2022 07 03 05 00 00,5612247
2022 07 03 06 00 01.jpg,2022 07 03 06 00 01,5636936
2022 07 03 07 00 00.jpg,2022 07 03 07 00 00,5600087
2022 07 03 08 00 00.jpg,2022 07 03 08 00 00,5643033
2022 07 03 09 00 01.jpg,2022 07 03 09 00 01,5966958
2022 07 03 10 00 00.jpg,2022 07 03 10 00 00,5641018
2022 07 03 11 00 00.jpg,2022 07 03 11 00 00,5648146
2022 07 03 12 00 01.jpg,2022 07 03 12 00 01,5624600
2022 07 03 13 00 00.jpg,2022 07 03 13 00 00,5898686
2022 07 03 14 00 01.jpg,2022 07 03 14 00 01,5819598
2022 07 03 15 00 00.jpg,2022 07 03 15 00 00,5797376
2022 07 03 16 00 00.jpg,2022 07 03 16 00 00,5745538
2022 07 03 17 00 01.jpg,2022 07 03 17 00 01,5784255
2022 07 03 18 00 00.jpg,2022 07 03 18 00 00,5808262
2022 07 04 05 00 00.jpg,2022 07 04 05 00 00,5899714
2022 07 04 06 00 01.jpg,2022 07 04 06 00 01,5605435
2022 07 04 07 00 00.jpg,2022 07 04 07 00 00,5959661
2022 07 04 08 00 00.jpg,2022 07 04 08 00 00,5913251
2022 07 04 09 00 01.jpg,2022 07 04 09 00 01,5869313
2022 07 04 10 00 00.jpg,2022 07 04 10 00 00,5849912
2022 07 04 11 00 01.jpg,2022 07 04 11 00 01,5825919
2022 07 04 12 00 00.jpg,2022 07 04 12 00 00,5812684
2022 07 04 13 00 00.jpg,2022 07 04 13 00 00,5805064
2022 07 04 14 00 01.jpg,2022 07 04 14 00 01,5777190
2022 07 04 15 00 00.jpg,2022 07 04 15 00 00,5790802
2022 07 04 16 00 00.jpg,2022 07 04 16 00 00,5732181
2022 07 04 17 00 00.jpg,2022 07 04 17 00 00,5807605
2022 07 04 18 00 00.jpg,2022 07 04 18 00 00,5856858
2022 07 05 05 00 00.jpg,2022 07 05 05 00 00,5674109
2022 07 05 06 00 01.jpg,2022 07 05 06 00 01,5684988
2022 07 05 07 00 00.jpg,2022 07 05 07 00 00,5651103
2022 07 05 08 00 01.jpg,2022 07 05 08 00 01,5976681
2022 07 05 09 00 00.jpg,2022 07 05 09 00 00,5941336
2022 07 05 10 00 00.jpg,2022 07 05 10 00 00,5952651
2022 07 05 11 00 01.jpg,2022 07 05 11 00 01,5955821
2022 07 05 12 00 00.jpg,2022 07 05 12 00 00,5618572
2022 07 05 13 00 00.jpg,2022 07 05 13 00 00,5870824
2022 07 05 14 00 00.jpg,2022 07 05 14 00 00,5893075
2022 07 05 15 00 00.jpg,2022 07 05 15 00 00,5909891
2022 07 05 16 00 01.jpg,2022 07 05 16 00 01,5805379
2022 07 05 17 00 00.jpg,2022 07 05 17 00 00,5892783
2022 07 05 18 00 00.jpg,2022 07 05 18 00 00,5937193
2022 07 06 05 00 01.jpg,2022 07 06 05 00 01,5652043
2022 07 06 06 00 00.jpg,2022 07 06 06 00 00,5658581
2022 07 06 07 00 00.jpg,2022 07 06 07 00 00,5615844
2022 07 06 08 00 01.jpg,2022 07 06 08 00 01,5926841
2022 07 06 09 00 00.jpg,2022 07 06 09 00 00,5911784
2022 07 06 10 00 01.jpg,2022 07 06 10 00 01,5943440
2022 07 06 11 00 00.jpg,2022 07 06 11 00 00,5969672
2022 07 06 12 00 00.jpg,2022 07 06 12 00 00,5917964
2022 07 06 13 00 01.jpg,2022 07 06 13 00 01,5903140
2022 07 06 14 00 00.jpg,2022 07 06 14 00 00,5561060
2022 07 06 15 00 00.jpg,2022 07 06 15 00 00,5834179
2022 07 06 16 00 00.jpg,2022 07 06 16 00 00,5774231
2022 07 06 17 00 00.jpg,2022 07 06 17 00 00,5718455
2022 07 06 18 00 01.jpg,2022 07 06 18 00 01,5834514
2022 07 07 05 00 00.jpg,2022 07 07 05 00 00,5747162
2022 07 07 06 00 00.jpg,2022 07 07 06 00 00,5692130
2022 07 07 07 00 01.jpg,2022 07 07 07 00 01,5667024
2022 07 07 08 00 00.jpg,2022 07 07 08 00 00,5643071
2022 07 07 09 00 00.jpg,2022 07 07 09 00 00,5662338
2022 07 07 10 00 01.jpg,2022 07 07 10 00 01,5641114
2022 07 07 11 00 00.jpg,2022 07 07 11 00 00,5911189
2022 07 07 12 00 00.jpg,2022 07 07 12 00 00,5918618
2022 07 07 13 00 01.jpg,2022 07 07 13 00 01,5905334
2022 07 07 14 00 00.jpg,2022 07 07 14 00 00,5879678
2022 07 07 15 00 01.jpg,2022 07 07 15 00 01,5957985
2022 07 07 16 00 00.jpg,2022 07 07 16 00 00,5970974
2022 07 07 17 00 00.jpg,2022 07 07 17 00 00,5963620
2022 07 07 18 00 01.jpg,2022 07 07 18 00 01,5710789
2022 07 08 05 00 00.jpg,2022 07 08 05 00 00,5904002
2022 07 08 06 00 00.jpg,2022 07 08 06 00 00,5637416
2022 07 08 07 00 01.jpg,2022 07 08 07 00 01,5954513
2022 07 08 08 00 00.jpg,2022 07 08 08 00 00,5653029
2022 07 08 09 00 00.jpg,2022 07 08 09 00 00,5965598
2022 07 08 10 00 01.jpg,2022 07 08 10 00 01,5647165
2022 07 08 11 00 00.jpg,2022 07 08 11 00 00,5973533
2022 07 08 12 00 01.jpg,2022 07 08 12 00 01,5610305
2022 07 08 13 00 00.jpg,2022 07 08 13 00 00,5937459
2022 07 08 14 00 00.jpg,2022 07 08 14 00 00,5842966
2022 07 08 15 00 01.jpg,2022 07 08 15 00 01,5874552
2022 07 08 16 00 00.jpg,2022 07 08 16 00 00,5751077
2022 07 08 17 00 00.jpg,2022 07 08 17 00 00,5861055
2022 07 08 18 00 00.jpg,2022 07 08 18 00 00,5882625
2022 07 09 05 00 00.jpg,2022 07 09 05 00 00,5654544
2022 07 09 06 00 00.jpg,2022 07 09 06 00 00,5634975
2022 07 09 07 00 01.jpg,2022 07 09 07 00 01,5624503
2022 07 09 08 00 00.jpg,2022 07 09 08 00 00,5948629
2022 07 09 09 00 01.jpg,2022 07 09 09 00 01,5870183
2022 07 09 10 00 00.jpg,2022 07 09 10 00 00,5904122
2022 07 09 11 00 00.jpg,2022 07 09 11 00 00,5909960
2022 07 09 12 00 01.jpg,2022 07 09 12 00 01,5951311
2022 07 09 13 00 00.jpg,2022 07 09 13 00 00,5840739
2022 07 09 14 00 01.jpg,2022 07 09 14 00 01,5787357
2022 07 09 15 00 00.jpg,2022 07 09 15 00 00,5848764
2022 07 09 16 00 00.jpg,2022 07 09 16 00 00,5698319
2022 07 09 17 00 01.jpg,2022 07 09 17 00 01,5794489
2022 07 09 18 00 00.jpg,2022 07 09 18 00 00,5775673
2022 07 10 05 00 00.jpg,2022 07 10 05 00 00,5623680
2022 07 10 06 00 01.jpg,2022 07 10 06 00 01,5610601
2022 07 10 07 00 00.jpg,2022 07 10 07 00 00,5962831
2022 07 10 08 00 00.jpg,2022 07 10 08 00 00,5907834
2022 07 10 09 00 01.jpg,2022 07 10 09 00 01,5852481
2022 07 10 10 00 00.jpg,2022 07 10 10 00 00,5834397
2022 07 10 11 00 01.jpg,2022 07 10 11 00 01,5858946
2022 07 10 12 00 00.jpg,2022 07 10 12 00 00,5866608
2022 07 10 13 00 00.jpg,2022 07 10 13 00 00,5801063
2022 07 10 14 00 01.jpg,2022 07 10 14 00 01,5677870
2022 07 10 15 00 00.jpg,2022 07 10 15 00 00,5713439
2022 07 10 16 00 01.jpg,2022 07 10 16 00 01,5766966
2022 07 10 17 00 00.jpg,2022 07 10 17 00 00,5840732
2022 07 10 18 00 00.jpg,2022 07 10 18 00 00,5843990
2022 07 11 05 00 00.jpg,2022 07 11 05 00 00,5630560
2022 07 11 06 00 01.jpg,2022 07 11 06 00 01,5962084
2022 07 11 07 00 00.jpg,2022 07 11 07 00 00,5915811
2022 07 11 08 00 01.jpg,2022 07 11 08 00 01,5982302
2022 07 11 09 00 00.jpg,2022 07 11 09 00 00,5952211
2022 07 11 10 00 00.jpg,2022 07 11 10 00 00,5879192
2022 07 11 11 00 01.jpg,2022 07 11 11 00 01,5904019
2022 07 11 12 00 00.jpg,2022 07 11 12 00 00,5944961
2022 07 11 13 00 00.jpg,2022 07 11 13 00 00,5935328
2022 07 11 14 00 00.jpg,2022 07 11 14 00 00,5856704
2022 07 11 15 00 00.jpg,2022 07 11 15 00 00,5966069
2022 07 11 16 00 01.jpg,2022 07 11 16 00 01,5758144
2022 07 11 17 00 00.jpg,2022 07 11 17 00 00,5947670
2022 07 11 18 00 00.jpg,2022 07 11 18 00 00,5943515
2022 07 12 05 00 01.jpg,2022 07 12 05 00 01,5599653
2022 07 12 06 00 00.jpg,2022 07 12 06 00 00,5634343
2022 07 12 07 00 00.jpg,2022 07 12 07 00 00,5597134
2022 07 12 08 00 01.jpg,2022 07 12 08 00 01,5640356
2022 07 12 09 00 00.jpg,2022 07 12 09 00 00,5919145
2022 07 12 10 00 00.jpg,2022 07 12 10 00 00,5935605
2022 07 12 11 00 00.jpg,2022 07 12 11 00 00,5872075
2022 07 12 12 00 00.jpg,2022 07 12 12 00 00,5936974
2022 07 12 13 00 01.jpg,2022 07 12 13 00 01,5932331
2022 07 12 14 00 00.jpg,2022 07 12 14 00 00,5855689
2022 07 12 15 00 00.jpg,2022 07 12 15 00 00,5961066
2022 07 12 16 00 01.jpg,2022 07 12 16 00 01,5891463
2022 07 12 17 00 00.jpg,2022 07 12 17 00 00,5608628
2022 07 12 18 00 01.jpg,2022 07 12 18 00 01,5906203
2022 07 13 05 00 01.jpg,2022 07 13 05 00 01,5710771
2022 07 13 06 00 00.jpg,2022 07 13 06 00 00,5708022
2022 07 13 07 00 00.jpg,2022 07 13 07 00 00,5685953
2022 07 13 08 00 00.jpg,2022 07 13 08 00 00,5596451
2022 07 13 09 00 00.jpg,2022 07 13 09 00 00,5689366
2022 07 13 10 00 01.jpg,2022 07 13 10 00 01,5980282
2022 07 13 10 09 14.jpg,2022 07 13 10 09 14,5749214
2022 07 13 11 09 13.jpg,2022 07 13 11 09 13,5948297
2022 07 13 12 09 13.jpg,2022 07 13 12 09 13,5621078
2022 07 13 13 09 14.jpg,2022 07 13 13 09 14,5712019
2022 07 13 14 09 13.jpg,2022 07 13 14 09 13,5790059
2022 07 13 15 09 13.jpg,2022 07 13 15 09 13,5601032
2022 07 13 16 09 14.jpg,2022 07 13 16 09 14,5670746
2022 07 13 17 09 13.jpg,2022 07 13 17 09 13,5924444
2022 07 13 18 09 14.jpg,2022 07 13 18 09 14,5939433
2022 07 14 05 00 00.jpg,2022 07 14 05 00 00,5608212
2022 07 14 06 00 00.jpg,2022 07 14 06 00 00,5961359
2022 07 14 07 00 01.jpg,2022 07 14 07 00 01,5622750
2022 07 14 08 00 00.jpg,2022 07 14 08 00 00,5605125
2022 07 14 09 00 00.jpg,2022 07 14 09 00 00,5672290
2022 07 14 10 00 01.jpg,2022 07 14 10 00 01,5652215
2022 07 14 11 00 00.jpg,2022 07 14 11 00 00,5697787
2022 07 14 12 00 01.jpg,2022 07 14 12 00 01,5856951
2022 07 14 13 00 00.jpg,2022 07 14 13 00 00,5953427
2022 07 14 14 00 00.jpg,2022 07 14 14 00 00,5962343
2022 07 14 15 00 01.jpg,2022 07 14 15 00 01,5612683
2022 07 14 16 00 00.jpg,2022 07 14 16 00 00,5935080
2022 07 14 17 00 00.jpg,2022 07 14 17 00 00,5792070
2022 07 14 18 00 01.jpg,2022 07 14 18 00 01,5621012
2022 07 15 05 00 00.jpg,2022 07 15 05 00 00,5650985
2022 07 15 06 00 00.jpg,2022 07 15 06 00 00,5622154
2022 07 15 07 00 01.jpg,2022 07 15 07 00 01,5648238
2022 07 15 08 00 00.jpg,2022 07 15 08 00 00,5632881
2022 07 15 09 00 00.jpg,2022 07 15 09 00 00,5662945
2022 07 15 10 00 00.jpg,2022 07 15 10 00 00,5667052
2022 07 15 11 00 00.jpg,2022 07 15 11 00 00,5908897
2022 07 15 12 00 01.jpg,2022 07 15 12 00 01,5971275
2022 07 15 13 00 00.jpg,2022 07 15 13 00 00,5868108
2022 07 15 14 00 00.jpg,2022 07 15 14 00 00,5957104
2022 07 15 15 00 01.jpg,2022 07 15 15 00 01,5918368
2022 07 15 16 00 00.jpg,2022 07 15 16 00 00,5937297
2022 07 15 17 00 01.jpg,2022 07 15 17 00 01,5950008
2022 07 15 18 00 00.jpg,2022 07 15 18 00 00,5946683
2022 07 16 05 00 00.jpg,2022 07 16 05 00 00,5744793
2022 07 16 06 00 00.jpg,2022 07 16 06 00 00,5687038
2022 07 16 07 00 01.jpg,2022 07 16 07 00 01,5698512
2022 07 16 08 00 00.jpg,2022 07 16 08 00 00,5750587
2022 07 16 09 00 01.jpg,2022 07 16 09 00 01,5763870
2022 07 16 10 00 00.jpg,2022 07 16 10 00 00,5744370
2022 07 16 11 00 00.jpg,2022 07 16 11 00 00,5777907
2022 07 16 12 00 01.jpg,2022 07 16 12 00 01,5760768
2022 07 16 13 00 00.jpg,2022 07 16 13 00 00,5724086
2022 07 16 14 00 00.jpg,2022 07 16 14 00 00,5683814
2022 07 16 15 00 01.jpg,2022 07 16 15 00 01,5614640
2022 07 16 16 00 00.jpg,2022 07 16 16 00 00,5607130
2022 07 16 17 00 01.jpg,2022 07 16 17 00 01,5606235
2022 07 16 18 00 00.jpg,2022 07 16 18 00 00,5630026
2022 07 17 05 00 00.jpg,2022 07 17 05 00 00,5689377
2022 07 17 06 00 00.jpg,2022 07 17 06 00 00,5687055
2022 07 17 07 00 00.jpg,2022 07 17 07 00 00,5626526
2022 07 17 08 00 00.jpg,2022 07 17 08 00 00,5624607
2022 07 17 09 00 01.jpg,2022 07 17 09 00 01,5601045
2022 07 17 10 00 00.jpg,2022 07 17 10 00 00,5659817
2022 07 17 11 00 00.jpg,2022 07 17 11 00 00,5692267
2022 07 17 12 00 01.jpg,2022 07 17 12 00 01,5700244
2022 07 17 13 00 00.jpg,2022 07 17 13 00 00,5719708
2022 07 17 14 00 00.jpg,2022 07 17 14 00 00,5761498
2022 07 17 15 00 00.jpg,2022 07 17 15 00 00,5753708
2022 07 17 16 00 00.jpg,2022 07 17 16 00 00,5731046
2022 07 17 17 00 01.jpg,2022 07 17 17 00 01,5758856
2022 07 17 18 00 00.jpg,2022 07 17 18 00 00,5744807
2022 07 18 05 00 00.jpg,2022 07 18 05 00 00,5953597
2022 07 18 06 00 01.jpg,2022 07 18 06 00 01,5666824
2022 07 18 07 00 00.jpg,2022 07 18 07 00 00,5938232
2022 07 18 08 00 00.jpg,2022 07 18 08 00 00,5759054
2022 07 18 09 00 01.jpg,2022 07 18 09 00 01,5738877
2022 07 18 10 00 00.jpg,2022 07 18 10 00 00,5776856
2022 07 18 11 00 00.jpg,2022 07 18 11 00 00,5788843
2022 07 18 12 00 01.jpg,2022 07 18 12 00 01,5772726
2022 07 18 13 00 00.jpg,2022 07 18 13 00 00,5710984
2022 07 18 14 00 01.jpg,2022 07 18 14 00 01,5783143
2022 07 18 15 00 00.jpg,2022 07 18 15 00 00,5729169
2022 07 18 16 00 00.jpg,2022 07 18 16 00 00,5776486
2022 07 18 17 00 01.jpg,2022 07 18 17 00 01,5591151
2022 07 18 18 00 00.jpg,2022 07 18 18 00 00,5767846
2022 07 19 05 00 00.jpg,2022 07 19 05 00 00,5853369
2022 07 19 06 00 01.jpg,2022 07 19 06 00 01,5878393
2022 07 19 07 00 00.jpg,2022 07 19 07 00 00,5747330
2022 07 19 08 00 01.jpg,2022 07 19 08 00 01,5693785
2022 07 19 09 00 00.jpg,2022 07 19 09 00 00,5786483
2022 07 19 10 00 00.jpg,2022 07 19 10 00 00,5795249
2022 07 19 11 00 01.jpg,2022 07 19 11 00 01,5786425
2022 07 19 12 00 00.jpg,2022 07 19 12 00 00,5823571
2022 07 19 13 00 00.jpg,2022 07 19 13 00 00,5785791
2022 07 19 14 00 01.jpg,2022 07 19 14 00 01,5764042
2022 07 19 15 00 00.jpg,2022 07 19 15 00 00,5819163
2022 07 19 16 00 01.jpg,2022 07 19 16 00 01,5807228
2022 07 19 17 00 00.jpg,2022 07 19 17 00 00,5691641
2022 07 19 18 00 00.jpg,2022 07 19 18 00 00,5800846
2022 07 20 05 00 01.jpg,2022 07 20 05 00 01,5703207
2022 07 20 06 00 00.jpg,2022 07 20 06 00 00,5710523
2022 07 20 07 00 00.jpg,2022 07 20 07 00 00,5685195
2022 07 20 08 00 01.jpg,2022 07 20 08 00 01,5722220
2022 07 20 09 00 00.jpg,2022 07 20 09 00 00,5689081
2022 07 20 10 00 01.jpg,2022 07 20 10 00 01,5807628
2022 07 20 11 00 00.jpg,2022 07 20 11 00 00,5598820
2022 07 20 12 00 00.jpg,2022 07 20 12 00 00,5604602
2022 07 20 13 00 01.jpg,2022 07 20 13 00 01,5607537
2022 07 20 14 00 00.jpg,2022 07 20 14 00 00,5609296
2022 07 20 15 00 00.jpg,2022 07 20 15 00 00,5899002
2022 07 20 16 00 00.jpg,2022 07 20 16 00 00,5682845
2022 07 20 17 00 00.jpg,2022 07 20 17 00 00,5981959
2022 07 20 18 00 01.jpg,2022 07 20 18 00 01,5626745
2022 07 21 05 00 01.jpg,2022 07 21 05 00 01,5961741
2022 07 21 06 00 00.jpg,2022 07 21 06 00 00,5757810
2022 07 21 07 00 01.jpg,2022 07 21 07 00 01,5756373
2022 07 21 08 00 00.jpg,2022 07 21 08 00 00,5700729
2022 07 21 09 00 00.jpg,2022 07 21 09 00 00,5688349
2022 07 21 10 00 01.jpg,2022 07 21 10 00 01,5636189
2022 07 21 11 00 00.jpg,2022 07 21 11 00 00,5714212
2022 07 21 12 00 00.jpg,2022 07 21 12 00 00,5642369
2022 07 21 13 00 01.jpg,2022 07 21 13 00 01,5652307
2022 07 21 14 00 00.jpg,2022 07 21 14 00 00,5768805
2022 07 21 15 00 01.jpg,2022 07 21 15 00 01,5759098
2022 07 21 16 00 00.jpg,2022 07 21 16 00 00,5763842
2022 07 21 17 00 00.jpg,2022 07 21 17 00 00,5750125
2022 07 21 18 00 01.jpg,2022 07 21 18 00 01,5754629
2022 07 22 05 00 00.jpg,2022 07 22 05 00 00,2065603
2022 07 22 06 00 00.jpg,2022 07 22 06 00 00,5639105
2022 07 22 07 00 01.jpg,2022 07 22 07 00 01,5703578
2022 07 22 08 00 00.jpg,2022 07 22 08 00 00,5680578
2022 07 22 09 00 00.jpg,2022 07 22 09 00 00,5694311
2022 07 22 10 00 00.jpg,2022 07 22 10 00 00,5759700
2022 07 22 11 00 00.jpg,2022 07 22 11 00 00,5849437
2022 07 22 12 00 01.jpg,2022 07 22 12 00 01,5614227
2022 07 22 13 00 00.jpg,2022 07 22 13 00 00,5896901
2022 07 22 14 00 00.jpg,2022 07 22 14 00 00,5702349
2022 07 22 15 00 01.jpg,2022 07 22 15 00 01,5656252
2022 07 22 16 00 00.jpg,2022 07 22 16 00 00,5752915
2022 07 22 17 00 01.jpg,2022 07 22 17 00 01,5743837
2022 07 22 18 00 00.jpg,2022 07 22 18 00 00,5751168
2022 07 23 05 00 00.jpg,2022 07 23 05 00 00,5692520
2022 07 23 06 00 00.jpg,2022 07 23 06 00 00,5706430
2022 07 23 07 00 00.jpg,2022 07 23 07 00 00,5708091
2022 07 23 08 00 00.jpg,2022 07 23 08 00 00,5689268
2022 07 23 09 00 01.jpg,2022 07 23 09 00 01,5720859
2022 07 23 10 00 00.jpg,2022 07 23 10 00 00,5831053
2022 07 23 11 00 00.jpg,2022 07 23 11 00 00,5947873
2022 07 23 12 00 01.jpg,2022 07 23 12 00 01,5968760
2022 07 23 13 00 00.jpg,2022 07 23 13 00 00,5887456
2022 07 23 14 00 01.jpg,2022 07 23 14 00 01,5729017
2022 07 23 15 00 00.jpg,2022 07 23 15 00 00,5886360
2022 07 23 16 00 00.jpg,2022 07 23 16 00 00,5748629
2022 07 23 17 00 01.jpg,2022 07 23 17 00 01,5899009
2022 07 23 18 00 00.jpg,2022 07 23 18 00 00,5904816
2022 07 24 05 00 00.jpg,2022 07 24 05 00 00,5955483
2022 07 24 06 00 00.jpg,2022 07 24 06 00 00,5632258
2022 07 24 07 00 00.jpg,2022 07 24 07 00 00,5652810
2022 07 24 08 00 01.jpg,2022 07 24 08 00 01,5647447
2022 07 24 09 00 00.jpg,2022 07 24 09 00 00,5644241
2022 07 24 10 00 00.jpg,2022 07 24 10 00 00,5763701
2022 07 24 11 00 01.jpg,2022 07 24 11 00 01,5859841
2022 07 24 12 00 07.jpg,2022 07 24 12 00 07,5839270
2022 07 24 13 00 07.jpg,2022 07 24 13 00 07,5958460
2022 07 24 14 00 07.jpg,2022 07 24 14 00 07,5696539
2022 07 24 15 00 07.jpg,2022 07 24 15 00 07,5898610
2022 07 24 16 00 08.jpg,2022 07 24 16 00 08,5931874
2022 07 24 17 00 07.jpg,2022 07 24 17 00 07,5590255
2022 07 24 18 00 07.jpg,2022 07 24 18 00 07,5645301
2022 07 25 05 00 01.jpg,2022 07 25 05 00 01,5709487
2022 07 25 06 00 00.jpg,2022 07 25 06 00 00,5684753
2022 07 25 07 00 00.jpg,2022 07 25 07 00 00,5660711
2022 07 25 08 00 01.jpg,2022 07 25 08 00 01,5620152
2022 07 25 09 00 00.jpg,2022 07 25 09 00 00,5635159
2022 07 25 10 00 00.jpg,2022 07 25 10 00 00,5612064
2022 07 25 11 00 01.jpg,2022 07 25 11 00 01,5652073
2022 07 25 12 00 00.jpg,2022 07 25 12 00 00,5873624
2022 07 25 13 00 01.jpg,2022 07 25 13 00 01,5865602
2022 07 25 14 00 00.jpg,2022 07 25 14 00 00,5969765
2022 07 25 15 00 00.jpg,2022 07 25 15 00 00,5621406
2022 07 25 16 00 01.jpg,2022 07 25 16 00 01,5669843
2022 07 25 17 00 00.jpg,2022 07 25 17 00 00,5901218
2022 07 25 18 00 00.jpg,2022 07 25 18 00 00,5716219
2022 07 26 05 00 01.jpg,2022 07 26 05 00 01,5799734
2022 07 26 06 00 00.jpg,2022 07 26 06 00 00,5883825
2022 07 26 07 00 00.jpg,2022 07 26 07 00 00,5803168
2022 07 26 08 00 00.jpg,2022 07 26 08 00 00,5813452
2022 07 26 09 00 00.jpg,2022 07 26 09 00 00,5804524
2022 07 26 10 00 01.jpg,2022 07 26 10 00 01,5765460
2022 07 26 11 00 00.jpg,2022 07 26 11 00 00,5772159
2022 07 26 12 00 00.jpg,2022 07 26 12 00 00,5801093
2022 07 26 13 00 01.jpg,2022 07 26 13 00 01,5815123
2022 07 26 14 00 00.jpg,2022 07 26 14 00 00,5766898
2022 07 26 15 00 01.jpg,2022 07 26 15 00 01,5804762
2022 07 26 16 00 00.jpg,2022 07 26 16 00 00,5805756
2022 07 26 17 00 00.jpg,2022 07 26 17 00 00,5674418
2022 07 26 18 00 01.jpg,2022 07 26 18 00 01,4429366
2022 07 27 05 00 00.jpg,2022 07 27 05 00 00,5634160
2022 07 27 06 00 00.jpg,2022 07 27 06 00 00,5734805
2022 07 27 07 00 01.jpg,2022 07 27 07 00 01,5797186
2022 07 27 08 00 00.jpg,2022 07 27 08 00 00,5814735
2022 07 27 09 00 00.jpg,2022 07 27 09 00 00,5821442
2022 07 27 10 00 00.jpg,2022 07 27 10 00 00,5839949
2022 07 27 11 00 00.jpg,2022 07 27 11 00 00,5794310
2022 07 27 12 00 01.jpg,2022 07 27 12 00 01,5768801
2022 07 27 13 00 00.jpg,2022 07 27 13 00 00,5732981
2022 07 27 14 00 00.jpg,2022 07 27 14 00 00,5763987
2022 07 27 15 00 01.jpg,2022 07 27 15 00 01,5767093
2022 07 27 16 00 00.jpg,2022 07 27 16 00 00,5731913
2022 07 27 17 00 01.jpg,2022 07 27 17 00 01,5749938
2022 07 27 18 00 00.jpg,2022 07 27 18 00 00,5738480
2022 07 28 05 00 00.jpg,2022 07 28 05 00 00,5705046
2022 07 28 06 00 01.jpg,2022 07 28 06 00 01,5710289
2022 07 28 07 00 00.jpg,2022 07 28 07 00 00,5724616
2022 07 28 08 00 00.jpg,2022 07 28 08 00 00,5704048
2022 07 28 09 00 01.jpg,2022 07 28 09 00 01,5717195
2022 07 28 10 00 00.jpg,2022 07 28 10 00 00,5817679
2022 07 28 11 00 00.jpg,2022 07 28 11 00 00,5886075
2022 07 28 12 00 00.jpg,2022 07 28 12 00 00,5636721
2022 07 28 13 00 00.jpg,2022 07 28 13 00 00,5838430
2022 07 28 14 00 01.jpg,2022 07 28 14 00 01,5655684
2022 07 28 15 00 00.jpg,2022 07 28 15 00 00,5765592
2022 07 28 16 00 00.jpg,2022 07 28 16 00 00,5628781
2022 07 28 17 00 01.jpg,2022 07 28 17 00 01,5892593
2022 07 28 18 00 00.jpg,2022 07 28 18 00 00,5887106
2022 07 29 05 00 00.jpg,2022 07 29 05 00 00,5681898
2022 07 29 06 00 00.jpg,2022 07 29 06 00 00,5639329
2022 07 29 07 00 00.jpg,2022 07 29 07 00 00,5650079
2022 07 29 08 00 01.jpg,2022 07 29 08 00 01,5629883
2022 07 29 09 00 00.jpg,2022 07 29 09 00 00,5664093
2022 07 29 10 00 00.jpg,2022 07 29 10 00 00,5798138
2022 07 29 11 00 01.jpg,2022 07 29 11 00 01,4548212
2022 07 29 12 00 00.jpg,2022 07 29 12 00 00,5582344
2022 07 29 13 00 00.jpg,2022 07 29 13 00 00,5893666
2022 07 29 14 00 01.jpg,2022 07 29 14 00 01,5650253
2022 07 29 15 00 00.jpg,2022 07 29 15 00 00,5796176
2022 07 29 16 00 01.jpg,2022 07 29 16 00 01,5677010
2022 07 29 17 00 00.jpg,2022 07 29 17 00 00,5709648
2022 07 29 18 00 00.jpg,2022 07 29 18 00 00,5761181
2022 07 30 05 00 01.jpg,2022 07 30 05 00 01,5687534
2022 07 30 06 00 00.jpg,2022 07 30 06 00 00,5621105
2022 07 30 07 00 00.jpg,2022 07 30 07 00 00,5645470
2022 07 30 08 00 01.jpg,2022 07 30 08 00 01,5599071
2022 07 30 09 00 00.jpg,2022 07 30 09 00 00,5624334
2022 07 30 10 00 01.jpg,2022 07 30 10 00 01,5661822
2022 07 30 11 00 00.jpg,2022 07 30 11 00 00,5919097
2022 07 30 12 00 00.jpg,2022 07 30 12 00 00,5854816
2022 07 30 13 00 01.jpg,2022 07 30 13 00 01,5931148
2022 07 30 14 00 00.jpg,2022 07 30 14 00 00,5773216
2022 07 30 15 00 00.jpg,2022 07 30 15 00 00,5892897
2022 07 30 16 00 00.jpg,2022 07 30 16 00 00,5860745
2022 07 30 17 00 00.jpg,2022 07 30 17 00 00,5841035
2022 07 30 18 00 01.jpg,2022 07 30 18 00 01,5967562
2022 07 31 05 00 00.jpg,2022 07 31 05 00 00,5651635
2022 07 31 06 00 00.jpg,2022 07 31 06 00 00,5644631
2022 07 31 07 00 01.jpg,2022 07 31 07 00 01,5641641
2022 07 31 08 00 00.jpg,2022 07 31 08 00 00,5633250
2022 07 31 09 00 00.jpg,2022 07 31 09 00 00,5628593
2022 07 31 10 00 01.jpg,2022 07 31 10 00 01,5917956
2022 07 31 11 00 00.jpg,2022 07 31 11 00 00,5955104
2022 07 31 12 00 00.jpg,2022 07 31 12 00 00,5975078
2022 07 31 13 00 00.jpg,2022 07 31 13 00 00,5607157
2022 07 31 14 00 00.jpg,2022 07 31 14 00 00,5945482
2022 07 31 15 00 01.jpg,2022 07 31 15 00 01,5973779
2022 07 31 16 00 00.jpg,2022 07 31 16 00 00,5957042
2022 07 31 17 00 00.jpg,2022 07 31 17 00 00,5951733
2022 07 31 18 00 01.jpg,2022 07 31 18 00 01,5961622
2022 08 01 05 00 00.jpg,2022 08 01 05 00 00,5849543
2022 08 01 06 00 00.jpg,2022 08 01 06 00 00,5635442
2022 08 01 07 00 01.jpg,2022 08 01 07 00 01,5686009
2022 08 01 08 00 00.jpg,2022 08 01 08 00 00,5724706
2022 08 01 09 00 00.jpg,2022 08 01 09 00 00,5712638
2022 08 01 10 00 01.jpg,2022 08 01 10 00 01,5618745
2022 08 01 11 00 00.jpg,2022 08 01 11 00 00,5628850
2022 08 01 12 00 01.jpg,2022 08 01 12 00 01,5600955
2022 08 01 13 00 00.jpg,2022 08 01 13 00 00,5605128
2022 08 01 14 00 00.jpg,2022 08 01 14 00 00,5926070
2022 08 01 15 00 01.jpg,2022 08 01 15 00 01,5974908
2022 08 01 16 00 00.jpg,2022 08 01 16 00 00,5975681
2022 08 01 17 00 00.jpg,2022 08 01 17 00 00,5940057
2022 08 01 18 00 00.jpg,2022 08 01 18 00 00,5602187
2022 08 02 05 00 00.jpg,2022 08 02 05 00 00,1987678
2022 08 02 06 00 00.jpg,2022 08 02 06 00 00,5614463
2022 08 02 07 00 00.jpg,2022 08 02 07 00 00,5646699
2022 08 02 08 00 00.jpg,2022 08 02 08 00 00,5948959
2022 08 02 09 00 01.jpg,2022 08 02 09 00 01,5915221
2022 08 02 10 00 00.jpg,2022 08 02 10 00 00,5949401
2022 08 02 11 00 00.jpg,2022 08 02 11 00 00,5843056
2022 08 02 12 00 01.jpg,2022 08 02 12 00 01,5882099
2022 08 02 13 00 00.jpg,2022 08 02 13 00 00,5631778
2022 08 02 14 00 00.jpg,2022 08 02 14 00 00,5613979
2022 08 02 15 00 00.jpg,2022 08 02 15 00 00,5684321
2022 08 02 16 00 00.jpg,2022 08 02 16 00 00,5686409
2022 08 02 17 00 01.jpg,2022 08 02 17 00 01,5897300
2022 08 02 18 00 00.jpg,2022 08 02 18 00 00,5645001
2022 08 03 05 00 00.jpg,2022 08 03 05 00 00,2045128
2022 08 03 06 00 01.jpg,2022 08 03 06 00 01,3542587
2022 08 03 07 00 00.jpg,2022 08 03 07 00 00,5616586
2022 08 03 08 00 00.jpg,2022 08 03 08 00 00,5956280
2022 08 03 09 00 00.jpg,2022 08 03 09 00 00,5617914
2022 08 03 10 00 00.jpg,2022 08 03 10 00 00,5742489
2022 08 03 11 00 01.jpg,2022 08 03 11 00 01,5835156
2022 08 03 12 00 00.jpg,2022 08 03 12 00 00,5856877
2022 08 03 13 00 00.jpg,2022 08 03 13 00 00,5797514
2022 08 03 14 00 01.jpg,2022 08 03 14 00 01,5947614
2022 08 03 15 00 00.jpg,2022 08 03 15 00 00,5728809
2022 08 03 16 00 01.jpg,2022 08 03 16 00 01,5627146
2022 08 03 17 00 00.jpg,2022 08 03 17 00 00,5711173
2022 08 03 18 00 00.jpg,2022 08 03 18 00 00,5688658
2022 08 04 05 00 01.jpg,2022 08 04 05 00 01,2574808
2022 08 04 06 00 00.jpg,2022 08 04 06 00 00,5962608
2022 08 04 07 00 00.jpg,2022 08 04 07 00 00,5616727
2022 08 04 08 00 01.jpg,2022 08 04 08 00 01,5614205
2022 08 04 09 00 00.jpg,2022 08 04 09 00 00,5610356
2022 08 04 10 00 01.jpg,2022 08 04 10 00 01,5712803
2022 08 04 11 00 00.jpg,2022 08 04 11 00 00,5620576
2022 08 04 12 00 00.jpg,2022 08 04 12 00 00,5866828
2022 08 04 13 00 01.jpg,2022 08 04 13 00 01,5697287
2022 08 04 14 00 00.jpg,2022 08 04 14 00 00,5610883
2022 08 04 15 00 00.jpg,2022 08 04 15 00 00,5962923
2022 08 04 16 00 00.jpg,2022 08 04 16 00 00,5857271
2022 08 04 17 00 00.jpg,2022 08 04 17 00 00,5771710
2022 08 04 18 00 01.jpg,2022 08 04 18 00 01,5685764
2022 08 05 05 00 01.jpg,2022 08 05 05 00 01,3705660
2022 08 05 06 00 00.jpg,2022 08 05 06 00 00,5725817
2022 08 05 07 00 01.jpg,2022 08 05 07 00 01,5973032
2022 08 05 08 00 00.jpg,2022 08 05 08 00 00,5961381
2022 08 05 09 00 00.jpg,2022 08 05 09 00 00,5621961
2022 08 05 10 00 01.jpg,2022 08 05 10 00 01,5683203
2022 08 05 11 00 00.jpg,2022 08 05 11 00 00,5734645
2022 08 05 12 00 00.jpg,2022 08 05 12 00 00,5757736
2022 08 05 13 00 01.jpg,2022 08 05 13 00 01,5659855
2022 08 05 14 00 00.jpg,2022 08 05 14 00 00,5689404
2022 08 05 15 00 01.jpg,2022 08 05 15 00 01,5788889
2022 08 05 16 00 00.jpg,2022 08 05 16 00 00,5716982
2022 08 05 17 00 00.jpg,2022 08 05 17 00 00,5722487
2022 08 05 18 00 01.jpg,2022 08 05 18 00 01,5699927
2022 08 06 05 00 00.jpg,2022 08 06 05 00 00,5668541
2022 08 06 06 00 00.jpg,2022 08 06 06 00 00,5725556
2022 08 06 07 00 01.jpg,2022 08 06 07 00 01,5773456
2022 08 06 08 00 00.jpg,2022 08 06 08 00 00,5743549
2022 08 06 09 00 00.jpg,2022 08 06 09 00 00,5726507
2022 08 06 10 00 01.jpg,2022 08 06 10 00 01,5655523
2022 08 06 11 00 00.jpg,2022 08 06 11 00 00,5645934
2022 08 06 12 00 01.jpg,2022 08 06 12 00 01,5750975
2022 08 06 13 00 00.jpg,2022 08 06 13 00 00,5756050
2022 08 06 14 00 00.jpg,2022 08 06 14 00 00,5780576
2022 08 06 15 00 01.jpg,2022 08 06 15 00 01,5951691
2022 08 06 16 00 00.jpg,2022 08 06 16 00 00,5754835
2022 08 06 17 00 00.jpg,2022 08 06 17 00 00,5780053
2022 08 06 18 00 00.jpg,2022 08 06 18 00 00,5753903
2022 08 07 05 00 00.jpg,2022 08 07 05 00 00,5684865
2022 08 07 06 00 00.jpg,2022 08 07 06 00 00,5862628
2022 08 07 07 00 00.jpg,2022 08 07 07 00 00,5637836
2022 08 07 08 00 00.jpg,2022 08 07 08 00 00,5745812
2022 08 07 09 00 01.jpg,2022 08 07 09 00 01,5773344
2022 08 07 10 00 00.jpg,2022 08 07 10 00 00,5736414
2022 08 07 11 00 00.jpg,2022 08 07 11 00 00,5720235
2022 08 07 12 00 01.jpg,2022 08 07 12 00 01,5706543
2022 08 07 13 00 00.jpg,2022 08 07 13 00 00,5677109
2022 08 07 14 00 01.jpg,2022 08 07 14 00 01,5665292
2022 08 07 15 00 00.jpg,2022 08 07 15 00 00,5741220
2022 08 07 16 00 00.jpg,2022 08 07 16 00 00,5648485
2022 08 07 17 00 01.jpg,2022 08 07 17 00 01,5675850
2022 08 07 18 00 00.jpg,2022 08 07 18 00 00,5681228
2022 08 08 05 00 00.jpg,2022 08 08 05 00 00,4816187
2022 08 08 06 00 01.jpg,2022 08 08 06 00 01,5946663
2022 08 08 07 00 00.jpg,2022 08 08 07 00 00,5965471
2022 08 08 08 00 00.jpg,2022 08 08 08 00 00,5736563
2022 08 08 09 00 00.jpg,2022 08 08 09 00 00,5759755
2022 08 08 10 00 00.jpg,2022 08 08 10 00 00,5761309
2022 08 08 11 00 01.jpg,2022 08 08 11 00 01,5765546
2022 08 08 12 00 00.jpg,2022 08 08 12 00 00,5774806
2022 08 08 13 00 00.jpg,2022 08 08 13 00 00,5796315
2022 08 08 14 00 01.jpg,2022 08 08 14 00 01,5816913
2022 08 08 15 00 00.jpg,2022 08 08 15 00 00,5785646
2022 08 08 16 00 00.jpg,2022 08 08 16 00 00,5738686
2022 08 08 17 00 00.jpg,2022 08 08 17 00 00,5947261
2022 08 08 18 00 00.jpg,2022 08 08 18 00 00,5788049
2022 08 09 05 00 01.jpg,2022 08 09 05 00 01,5600221
2022 08 09 06 00 00.jpg,2022 08 09 06 00 00,5706898
2022 08 09 07 00 00.jpg,2022 08 09 07 00 00,5765671
2022 08 09 08 00 01.jpg,2022 08 09 08 00 01,5733061
2022 08 09 09 00 00.jpg,2022 08 09 09 00 00,5793022
2022 08 09 10 00 01.jpg,2022 08 09 10 00 01,5799184
2022 08 09 11 00 00.jpg,2022 08 09 11 00 00,5921672
2022 08 09 12 00 00.jpg,2022 08 09 12 00 00,5599152
2022 08 09 13 00 01.jpg,2022 08 09 13 00 01,5886212
2022 08 09 14 00 00.jpg,2022 08 09 14 00 00,5736879
2022 08 09 15 00 00.jpg,2022 08 09 15 00 00,5751230
2022 08 09 16 00 01.jpg,2022 08 09 16 00 01,5814434
2022 08 09 17 00 00.jpg,2022 08 09 17 00 00,5709957
2022 08 09 18 00 01.jpg,2022 08 09 18 00 01,5688203
2022 08 10 05 00 00.jpg,2022 08 10 05 00 00,5667940
2022 08 10 06 00 00.jpg,2022 08 10 06 00 00,5716473
2022 08 10 07 00 01.jpg,2022 08 10 07 00 01,5693338
2022 08 10 08 00 00.jpg,2022 08 10 08 00 00,5709862
2022 08 10 09 00 00.jpg,2022 08 10 09 00 00,5641823
2022 08 10 10 00 01.jpg,2022 08 10 10 00 01,5698406
2022 08 10 11 00 00.jpg,2022 08 10 11 00 00,5692695
2022 08 10 12 00 00.jpg,2022 08 10 12 00 00,5692772
2022 08 10 13 00 00.jpg,2022 08 10 13 00 00,5680752
2022 08 10 14 00 00.jpg,2022 08 10 14 00 00,5639683
2022 08 10 15 00 01.jpg,2022 08 10 15 00 01,5661915
2022 08 10 16 00 00.jpg,2022 08 10 16 00 00,5699285
2022 08 10 17 00 00.jpg,2022 08 10 17 00 00,5630575
2022 08 10 18 00 01.jpg,2022 08 10 18 00 01,5652266
2022 08 11 05 00 00.jpg,2022 08 11 05 00 00,2248866
2022 08 11 06 00 01.jpg,2022 08 11 06 00 01,2362129
2022 08 11 07 00 00.jpg,2022 08 11 07 00 00,5621810
2022 08 11 08 00 00.jpg,2022 08 11 08 00 00,5966473
2022 08 11 09 00 01.jpg,2022 08 11 09 00 01,5664596
2022 08 11 10 00 00.jpg,2022 08 11 10 00 00,5667511
2022 08 11 11 00 00.jpg,2022 08 11 11 00 00,5744087
2022 08 11 12 00 01.jpg,2022 08 11 12 00 01,5919151
2022 08 11 13 00 00.jpg,2022 08 11 13 00 00,5782075
2022 08 11 14 00 01.jpg,2022 08 11 14 00 01,5622565
2022 08 11 15 00 00.jpg,2022 08 11 15 00 00,5757270
2022 08 11 16 00 00.jpg,2022 08 11 16 00 00,5680474
2022 08 11 17 00 01.jpg,2022 08 11 17 00 01,5690748
2022 08 11 18 00 00.jpg,2022 08 11 18 00 00,5664207
2022 08 12 05 00 00.jpg,2022 08 12 05 00 00,3040371
2022 08 12 06 00 00.jpg,2022 08 12 06 00 00,2873125
2022 08 12 07 00 00.jpg,2022 08 12 07 00 00,5963053
2022 08 12 08 00 01.jpg,2022 08 12 08 00 01,5938394
2022 08 12 09 00 00.jpg,2022 08 12 09 00 00,5971118
2022 08 12 10 00 00.jpg,2022 08 12 10 00 00,5741609
2022 08 12 11 00 01.jpg,2022 08 12 11 00 01,5791685
2022 08 12 12 00 00.jpg,2022 08 12 12 00 00,5811904
2022 08 12 13 00 01.jpg,2022 08 12 13 00 01,5729072
2022 08 12 14 00 00.jpg,2022 08 12 14 00 00,5890673
2022 08 12 15 00 00.jpg,2022 08 12 15 00 00,5666101
2022 08 12 16 00 01.jpg,2022 08 12 16 00 01,5930430
2022 08 12 17 00 00.jpg,2022 08 12 17 00 00,5702937
2022 08 12 18 00 01.jpg,2022 08 12 18 00 01,5671017
2022 08 13 05 00 01.jpg,2022 08 13 05 00 01,2561215
2022 08 13 06 00 00.jpg,2022 08 13 06 00 00,2482839
2022 08 13 07 00 00.jpg,2022 08 13 07 00 00,2618633
2022 08 13 08 00 00.jpg,2022 08 13 08 00 00,5694767
2022 08 13 09 00 00.jpg,2022 08 13 09 00 00,5722955
2022 08 13 10 00 01.jpg,2022 08 13 10 00 01,5739232
2022 08 13 11 00 00.jpg,2022 08 13 11 00 00,5721476
2022 08 13 12 00 00.jpg,2022 08 13 12 00 00,5692025
2022 08 13 13 00 01.jpg,2022 08 13 13 00 01,5627279
2022 08 13 14 00 00.jpg,2022 08 13 14 00 00,5622641
2022 08 13 15 00 01.jpg,2022 08 13 15 00 01,5934023
2022 08 13 16 00 00.jpg,2022 08 13 16 00 00,5973100
2022 08 13 17 00 00.jpg,2022 08 13 17 00 00,5598312
2022 08 13 18 00 01.jpg,2022 08 13 18 00 01,5620957
2022 08 14 05 00 00.jpg,2022 08 14 05 00 00,5766852
2022 08 14 06 00 00.jpg,2022 08 14 06 00 00,5959394
2022 08 14 07 00 01.jpg,2022 08 14 07 00 01,5756809
2022 08 14 08 00 00.jpg,2022 08 14 08 00 00,5758268
2022 08 14 09 00 00.jpg,2022 08 14 09 00 00,5738729
2022 08 14 10 00 01.jpg,2022 08 14 10 00 01,5664352
2022 08 14 11 00 00.jpg,2022 08 14 11 00 00,5679865
2022 08 14 12 00 01.jpg,2022 08 14 12 00 01,5612601
2022 08 14 13 00 00.jpg,2022 08 14 13 00 00,5599548
2022 08 14 14 00 00.jpg,2022 08 14 14 00 00,5722263
2022 08 14 15 00 01.jpg,2022 08 14 15 00 01,5682502
2022 08 14 16 00 00.jpg,2022 08 14 16 00 00,5776836
2022 08 14 17 00 00.jpg,2022 08 14 17 00 00,5834306
2022 08 14 18 00 00.jpg,2022 08 14 18 00 00,5735252
2022 08 15 05 00 00.jpg,2022 08 15 05 00 00,3675342
2022 08 15 06 00 00.jpg,2022 08 15 06 00 00,5683547
2022 08 15 07 00 00.jpg,2022 08 15 07 00 00,5771029
2022 08 15 08 00 00.jpg,2022 08 15 08 00 00,5809179
2022 08 15 09 00 01.jpg,2022 08 15 09 00 01,5775936
2022 08 15 10 00 00.jpg,2022 08 15 10 00 00,5816540
2022 08 15 11 00 00.jpg,2022 08 15 11 00 00,5765625
2022 08 15 12 00 01.jpg,2022 08 15 12 00 01,5813632
2022 08 15 13 00 00.jpg,2022 08 15 13 00 00,5839373
2022 08 15 14 00 00.jpg,2022 08 15 14 00 00,5822473
2022 08 15 15 00 00.jpg,2022 08 15 15 00 00,5805766
2022 08 15 16 00 00.jpg,2022 08 15 16 00 00,5836645
2022 08 15 17 00 01.jpg,2022 08 15 17 00 01,5794795
2022 08 15 18 00 00.jpg,2022 08 15 18 00 00,5818409
2022 08 16 05 00 00.jpg,2022 08 16 05 00 00,4359798
2022 08 16 06 00 01.jpg,2022 08 16 06 00 01,5708638
2022 08 16 07 00 00.jpg,2022 08 16 07 00 00,5779511
2022 08 16 08 00 00.jpg,2022 08 16 08 00 00,5797700
2022 08 16 09 00 00.jpg,2022 08 16 09 00 00,5801077
2022 08 16 10 00 00.jpg,2022 08 16 10 00 00,5832393
2022 08 16 11 00 01.jpg,2022 08 16 11 00 01,5836830
2022 08 16 12 00 00.jpg,2022 08 16 12 00 00,5828565
2022 08 16 13 00 00.jpg,2022 08 16 13 00 00,5800483
2022 08 16 14 00 01.jpg,2022 08 16 14 00 01,5735289
2022 08 16 15 00 00.jpg,2022 08 16 15 00 00,5704957
2022 08 16 16 00 01.jpg,2022 08 16 16 00 01,5733067
2022 08 16 17 00 00.jpg,2022 08 16 17 00 00,5736789
2022 08 16 18 00 00.jpg,2022 08 16 18 00 00,5710168
2022 08 17 05 00 01.jpg,2022 08 17 05 00 01,5977244
2022 08 17 06 00 00.jpg,2022 08 17 06 00 00,5699067
2022 08 17 07 00 00.jpg,2022 08 17 07 00 00,5701769
2022 08 17 08 00 01.jpg,2022 08 17 08 00 01,5693330
2022 08 17 09 00 00.jpg,2022 08 17 09 00 00,5703674
2022 08 17 10 00 00.jpg,2022 08 17 10 00 00,5934937
2022 08 17 11 00 00.jpg,2022 08 17 11 00 00,5838057
2022 08 17 12 00 00.jpg,2022 08 17 12 00 00,5780640
2022 08 17 13 00 01.jpg,2022 08 17 13 00 01,5796652
2022 08 17 14 00 00.jpg,2022 08 17 14 00 00,5792076
2022 08 17 15 00 00.jpg,2022 08 17 15 00 00,5764305
2022 08 17 16 00 01.jpg,2022 08 17 16 00 01,5734615
2022 08 17 17 00 00.jpg,2022 08 17 17 00 00,5693225
2022 08 17 18 00 01.jpg,2022 08 17 18 00 01,5673992
2022 08 18 05 00 00.jpg,2022 08 18 05 00 00,2000985
2022 08 18 06 00 00.jpg,2022 08 18 06 00 00,1966239
2022 08 18 07 00 01.jpg,2022 08 18 07 00 01,2024804
2022 08 18 08 00 00.jpg,2022 08 18 08 00 00,5778994
2022 08 18 09 00 00.jpg,2022 08 18 09 00 00,5775942
2022 08 18 10 00 01.jpg,2022 08 18 10 00 01,5748580
2022 08 18 11 00 00.jpg,2022 08 18 11 00 00,5717368
2022 08 18 12 00 00.jpg,2022 08 18 12 00 00,5738887
2022 08 18 13 00 00.jpg,2022 08 18 13 00 00,5718012
2022 08 18 14 00 00.jpg,2022 08 18 14 00 00,5736099
2022 08 18 15 00 01.jpg,2022 08 18 15 00 01,5768896
2022 08 18 16 00 00.jpg,2022 08 18 16 00 00,5765073
2022 08 18 17 00 00.jpg,2022 08 18 17 00 00,5711351
2022 08 18 18 00 01.jpg,2022 08 18 18 00 01,5654577
2022 08 19 05 00 00.jpg,2022 08 19 05 00 00,2748837
2022 08 19 06 00 00.jpg,2022 08 19 06 00 00,2421045
2022 08 19 07 00 00.jpg,2022 08 19 07 00 00,4172690
2022 08 19 08 00 00.jpg,2022 08 19 08 00 00,5760830
2022 08 19 09 00 01.jpg,2022 08 19 09 00 01,5802812
2022 08 19 10 00 00.jpg,2022 08 19 10 00 00,5828710
2022 08 19 11 00 00.jpg,2022 08 19 11 00 00,5819169
2022 08 19 12 00 01.jpg,2022 08 19 12 00 01,5705324
2022 08 19 13 00 00.jpg,2022 08 19 13 00 00,5776532
2022 08 19 14 00 00.jpg,2022 08 19 14 00 00,5736096
2022 08 19 15 00 00.jpg,2022 08 19 15 00 00,5791413
2022 08 19 16 00 00.jpg,2022 08 19 16 00 00,5767264
2022 08 19 17 00 01.jpg,2022 08 19 17 00 01,5693942
2022 08 19 18 00 00.jpg,2022 08 19 18 00 00,5697393
2022 08 20 05 00 00.jpg,2022 08 20 05 00 00,1939199
2022 08 20 06 00 01.jpg,2022 08 20 06 00 01,1957184
2022 08 20 07 00 00.jpg,2022 08 20 07 00 00,2465538
2022 08 20 08 00 01.jpg,2022 08 20 08 00 01,5660400
2022 08 20 09 00 00.jpg,2022 08 20 09 00 00,5666557
2022 08 20 10 00 00.jpg,2022 08 20 10 00 00,5729623
2022 08 20 11 00 01.jpg,2022 08 20 11 00 01,5662141
2022 08 20 12 00 00.jpg,2022 08 20 12 00 00,5644906
2022 08 20 13 00 00.jpg,2022 08 20 13 00 00,5643411
2022 08 20 14 00 01.jpg,2022 08 20 14 00 01,5634039
2022 08 20 15 00 00.jpg,2022 08 20 15 00 00,5633319
2022 08 20 16 00 01.jpg,2022 08 20 16 00 01,5630921
2022 08 20 17 00 00.jpg,2022 08 20 17 00 00,5673713
2022 08 20 18 00 00.jpg,2022 08 20 18 00 00,5806398
2022 08 21 05 00 01.jpg,2022 08 21 05 00 01,5728936
2022 08 21 06 00 00.jpg,2022 08 21 06 00 00,5723020
2022 08 21 07 00 00.jpg,2022 08 21 07 00 00,5740717
2022 08 21 08 00 01.jpg,2022 08 21 08 00 01,5798271
2022 08 21 09 00 00.jpg,2022 08 21 09 00 00,5757283
2022 08 21 10 00 01.jpg,2022 08 21 10 00 01,5812646
2022 08 21 11 00 00.jpg,2022 08 21 11 00 00,5830048
2022 08 21 12 00 00.jpg,2022 08 21 12 00 00,5833079
2022 08 21 13 00 01.jpg,2022 08 21 13 00 01,5876272
2022 08 21 14 00 00.jpg,2022 08 21 14 00 00,5853267
2022 08 21 15 00 00.jpg,2022 08 21 15 00 00,5829035
2022 08 21 16 00 00.jpg,2022 08 21 16 00 00,5832419
2022 08 21 17 00 00.jpg,2022 08 21 17 00 00,5833116
2022 08 21 18 00 01.jpg,2022 08 21 18 00 01,5836546
2022 08 22 05 00 01.jpg,2022 08 22 05 00 01,5574592
2022 08 22 06 00 00.jpg,2022 08 22 06 00 00,5483303
2022 08 22 07 00 01.jpg,2022 08 22 07 00 01,5838307
2022 08 22 08 00 00.jpg,2022 08 22 08 00 00,5848788
2022 08 22 09 00 00.jpg,2022 08 22 09 00 00,5855761
2022 08 22 10 00 01.jpg,2022 08 22 10 00 01,5830560
2022 08 22 11 00 00.jpg,2022 08 22 11 00 00,5807151
2022 08 22 12 00 01.jpg,2022 08 22 12 00 01,5839214
2022 08 22 13 00 00.jpg,2022 08 22 13 00 00,5845414
2022 08 22 14 00 00.jpg,2022 08 22 14 00 00,5840577
2022 08 22 15 00 01.jpg,2022 08 22 15 00 01,5783913
2022 08 22 16 00 00.jpg,2022 08 22 16 00 00,5844795
2022 08 22 17 00 00.jpg,2022 08 22 17 00 00,5834540
2022 08 22 18 00 00.jpg,2022 08 22 18 00 00,5824427
2022 08 23 05 00 00.jpg,2022 08 23 05 00 00,3927368
2022 08 23 06 00 00.jpg,2022 08 23 06 00 00,2969635
2022 08 23 07 00 00.jpg,2022 08 23 07 00 00,3126219
2022 08 23 08 00 00.jpg,2022 08 23 08 00 00,5750834
2022 08 23 09 00 01.jpg,2022 08 23 09 00 01,5726708
2022 08 23 10 00 00.jpg,2022 08 23 10 00 00,5776541
2022 08 23 11 00 00.jpg,2022 08 23 11 00 00,5782956
2022 08 23 12 00 01.jpg,2022 08 23 12 00 01,5779613
2022 08 23 13 00 00.jpg,2022 08 23 13 00 00,5801514
2022 08 23 14 00 01.jpg,2022 08 23 14 00 01,5818405
2022 08 23 15 00 00.jpg,2022 08 23 15 00 00,5790815
2022 08 23 16 00 00.jpg,2022 08 23 16 00 00,5743690
2022 08 23 17 00 01.jpg,2022 08 23 17 00 01,5776856
2022 08 23 18 00 00.jpg,2022 08 23 18 00 00,5729709
2022 08 24 05 00 00.jpg,2022 08 24 05 00 00,1987648
2022 08 24 06 00 00.jpg,2022 08 24 06 00 00,1929409
2022 08 24 07 00 00.jpg,2022 08 24 07 00 00,2098812
2022 08 24 08 00 01.jpg,2022 08 24 08 00 01,5739522
2022 08 24 09 00 00.jpg,2022 08 24 09 00 00,5597643
2022 08 24 10 00 00.jpg,2022 08 24 10 00 00,5676244
2022 08 24 11 00 01.jpg,2022 08 24 11 00 01,5640737
2022 08 24 12 00 00.jpg,2022 08 24 12 00 00,5776468
2022 08 24 12 14 52.jpg,2022 08 24 12 14 52,5730432
2022 08 24 13 14 51.jpg,2022 08 24 13 14 51,5683671
2022 08 24 14 14 52.jpg,2022 08 24 14 14 52,5608497
2022 08 24 15 14 51.jpg,2022 08 24 15 14 51,5630803
2022 08 24 16 14 52.jpg,2022 08 24 16 14 52,5644876
2022 08 24 17 14 51.jpg,2022 08 24 17 14 51,5699570
2022 08 24 18 14 51.jpg,2022 08 24 18 14 51,4471485
2022 08 25 05 00 01.jpg,2022 08 25 05 00 01,1618516
2022 08 25 06 00 00.jpg,2022 08 25 06 00 00,2060378
2022 08 25 07 00 00.jpg,2022 08 25 07 00 00,2116213
2022 08 25 08 00 00.jpg,2022 08 25 08 00 00,2494891
2022 08 25 09 00 00.jpg,2022 08 25 09 00 00,5761205
2022 08 25 10 00 01.jpg,2022 08 25 10 00 01,5761221
2022 08 25 11 00 00.jpg,2022 08 25 11 00 00,5784160
2022 08 25 12 00 00.jpg,2022 08 25 12 00 00,5792144
2022 08 25 13 00 01.jpg,2022 08 25 13 00 01,5782290
2022 08 25 14 00 00.jpg,2022 08 25 14 00 00,5851906
2022 08 25 15 00 01.jpg,2022 08 25 15 00 01,5726101
2022 08 25 16 00 00.jpg,2022 08 25 16 00 00,5788064
2022 08 25 17 00 00.jpg,2022 08 25 17 00 00,5737815
2022 08 25 18 00 01.jpg,2022 08 25 18 00 01,5601804
2022 08 26 05 00 01.jpg,2022 08 26 05 00 01,4492826
2022 08 26 06 00 00.jpg,2022 08 26 06 00 00,5221832
2022 08 26 07 00 01.jpg,2022 08 26 07 00 01,5780176
2022 08 26 08 00 00.jpg,2022 08 26 08 00 00,5811049
2022 08 26 09 00 00.jpg,2022 08 26 09 00 00,5895672
2022 08 26 10 00 00.jpg,2022 08 26 10 00 00,5639242
2022 08 26 11 00 00.jpg,2022 08 26 11 00 00,5703626
2022 08 26 12 00 01.jpg,2022 08 26 12 00 01,5736943
2022 08 26 13 00 00.jpg,2022 08 26 13 00 00,5709401
2022 08 26 14 00 00.jpg,2022 08 26 14 00 00,5728436
2022 08 26 15 00 01.jpg,2022 08 26 15 00 01,5734268
2022 08 26 16 00 00.jpg,2022 08 26 16 00 00,5715991
2022 08 26 17 00 01.jpg,2022 08 26 17 00 01,5728739
2022 08 26 18 00 00.jpg,2022 08 26 18 00 00,5632741
2022 08 27 05 00 00.jpg,2022 08 27 05 00 00,1961967
2022 08 27 06 00 01.jpg,2022 08 27 06 00 01,1988021
2022 08 27 07 00 00.jpg,2022 08 27 07 00 00,5316862
2022 08 27 08 00 00.jpg,2022 08 27 08 00 00,5911072
2022 08 27 09 00 01.jpg,2022 08 27 09 00 01,5934220
2022 08 27 10 00 00.jpg,2022 08 27 10 00 00,5690091
2022 08 27 11 00 01.jpg,2022 08 27 11 00 01,5668151
2022 08 27 12 00 00.jpg,2022 08 27 12 00 00,5769734
2022 08 27 13 00 00.jpg,2022 08 27 13 00 00,5892250
2022 08 27 14 00 01.jpg,2022 08 27 14 00 01,5605828
2022 08 27 15 00 00.jpg,2022 08 27 15 00 00,5640503
2022 08 27 16 00 00.jpg,2022 08 27 16 00 00,5653002
2022 08 27 17 00 00.jpg,2022 08 27 17 00 00,5611533
2022 08 27 18 00 00.jpg,2022 08 27 18 00 00,5652602
2022 08 28 05 00 01.jpg,2022 08 28 05 00 01,5945668
2022 08 28 06 00 00.jpg,2022 08 28 06 00 00,5593853
2022 08 28 07 00 00.jpg,2022 08 28 07 00 00,5631093
2022 08 28 08 00 01.jpg,2022 08 28 08 00 01,5652244
2022 08 28 09 00 00.jpg,2022 08 28 09 00 00,5674121
2022 08 28 10 00 00.jpg,2022 08 28 10 00 00,5749413
2022 08 28 11 00 01.jpg,2022 08 28 11 00 01,5655627
2022 08 28 12 00 00.jpg,2022 08 28 12 00 00,5694807
2022 08 28 13 00 01.jpg,2022 08 28 13 00 01,5619785
2022 08 28 14 00 00.jpg,2022 08 28 14 00 00,5620381
2022 08 28 15 00 00.jpg,2022 08 28 15 00 00,5621007
2022 08 28 16 00 01.jpg,2022 08 28 16 00 01,5701427
2022 08 28 17 00 00.jpg,2022 08 28 17 00 00,5758063
2022 08 28 18 00 01.jpg,2022 08 28 18 00 01,5716610
2022 08 29 05 00 01.jpg,2022 08 29 05 00 01,5357120
2022 08 29 06 00 00.jpg,2022 08 29 06 00 00,5633752
2022 08 29 07 00 01.jpg,2022 08 29 07 00 01,5728382
2022 08 29 08 00 00.jpg,2022 08 29 08 00 00,5737394
2022 08 29 09 00 00.jpg,2022 08 29 09 00 00,5706638
2022 08 29 10 00 01.jpg,2022 08 29 10 00 01,5682562
2022 08 29 11 00 00.jpg,2022 08 29 11 00 00,5653545
2022 08 29 12 00 00.jpg,2022 08 29 12 00 00,5752238
2022 08 29 13 00 00.jpg,2022 08 29 13 00 00,5957493
2022 08 29 14 00 00.jpg,2022 08 29 14 00 00,5659701
2022 08 29 15 00 01.jpg,2022 08 29 15 00 01,5816936
2022 08 29 16 00 00.jpg,2022 08 29 16 00 00,5661461
2022 08 29 17 00 00.jpg,2022 08 29 17 00 00,5688972
2022 08 29 18 00 01.jpg,2022 08 29 18 00 01,5732711
2022 08 30 05 00 00.jpg,2022 08 30 05 00 00,1935342
2022 08 30 06 00 00.jpg,2022 08 30 06 00 00,2321059
2022 08 30 07 00 00.jpg,2022 08 30 07 00 00,2427075
2022 08 30 08 00 00.jpg,2022 08 30 08 00 00,5598116
2022 08 30 09 00 01.jpg,2022 08 30 09 00 01,5673859
2022 08 30 10 00 00.jpg,2022 08 30 10 00 00,5697177
2022 08 30 11 00 00.jpg,2022 08 30 11 00 00,5737382
2022 08 30 12 00 01.jpg,2022 08 30 12 00 01,5741077
2022 08 30 13 00 00.jpg,2022 08 30 13 00 00,5677576
2022 08 30 14 00 01.jpg,2022 08 30 14 00 01,5668991
2022 08 30 15 00 00.jpg,2022 08 30 15 00 00,5697923
2022 08 30 16 00 00.jpg,2022 08 30 16 00 00,5680547
2022 08 30 17 00 01.jpg,2022 08 30 17 00 01,5751461
2022 08 30 18 00 00.jpg,2022 08 30 18 00 00,5572735
2022 08 31 05 00 00.jpg,2022 08 31 05 00 00,1880875
2022 08 31 06 00 01.jpg,2022 08 31 06 00 01,2065957
2022 08 31 07 00 00.jpg,2022 08 31 07 00 00,2003766
2022 08 31 08 00 00.jpg,2022 08 31 08 00 00,2055110
2022 08 31 09 00 00.jpg,2022 08 31 09 00 00,4985758
2022 08 31 10 00 00.jpg,2022 08 31 10 00 00,5649799
2022 08 31 11 00 01.jpg,2022 08 31 11 00 01,5677979
2022 08 31 12 00 00.jpg,2022 08 31 12 00 00,5679966
2022 08 31 13 00 00.jpg,2022 08 31 13 00 00,5684861
2022 08 31 14 00 01.jpg,2022 08 31 14 00 01,5736604
2022 08 31 15 00 00.jpg,2022 08 31 15 00 00,5727875
2022 08 31 16 00 01.jpg,2022 08 31 16 00 01,5725179
2022 08 31 17 00 00.jpg,2022 08 31 17 00 00,5695135
2022 08 31 18 00 00.jpg,2022 08 31 18 00 00,5656391
2022 09 01 05 00 01.jpg,2022 09 01 05 00 01,1868774
2022 09 01 06 00 00.jpg,2022 09 01 06 00 00,2148045
2022 09 01 07 00 00.jpg,2022 09 01 07 00 00,5173849
2022 09 01 08 00 01.jpg,2022 09 01 08 00 01,5961422
2022 09 01 09 00 00.jpg,2022 09 01 09 00 00,5666552
